seniorcitizen,partner,dependents,tenure,phoneservice,multiplelines,internetservice,onlinesecurity,onlinebackup,deviceprotection,techsupport,streamingtv,streamingmovies,paperlessbilling,monthlycharges,totalcharges,churn,is_male,contract_month-to-month,contract_one_year,contract_two_year,paymentmethod_bank_transfer_(automatic),paymentmethod_credit_card_(automatic),paymentmethod_electronic_check,paymentmethod_mailed_check
False,True,False,51.0,True,True,True,False,True,False,False,True,True,True,49.65,2553.35,False,False,True,False,False,False,False,True,False
True,False,False,12.0,True,True,True,False,True,False,False,False,False,True,29.35,381.2,False,True,True,False,False,False,True,False,False
False,True,True,7.0,True,True,True,True,False,False,True,False,False,True,34.5,279.25,True,True,True,False,False,False,False,True,False
False,True,False,56.0,True,True,True,False,False,True,True,True,True,True,54.05,2959.8,False,True,False,True,False,True,False,False,False
True,True,False,58.0,True,True,True,False,True,True,False,False,True,True,45.3,2651.2,True,True,True,False,False,False,False,True,False
False,False,False,72.0,True,True,True,True,True,True,True,True,True,True,63.7,4464.8,False,True,False,False,True,True,False,False,False
False,False,True,43.0,True,True,True,True,True,True,False,False,False,True,40.45,1912.85,False,True,True,False,False,False,False,True,False
False,True,True,68.0,True,True,True,True,True,True,True,False,True,True,56.4,3948.45,False,True,False,False,True,False,False,False,True
False,False,False,39.0,True,True,True,False,False,True,False,True,True,True,50.75,2011.4,True,False,True,False,False,False,False,True,False
False,True,True,69.0,True,True,True,False,True,True,False,True,True,True,54.95,3772.5,False,False,False,False,True,False,True,False,False
False,False,False,16.0,True,True,True,True,True,True,True,True,False,False,54.85,916.15,False,True,False,False,True,False,False,False,True
True,False,False,4.0,True,True,True,False,True,False,False,True,True,True,50.95,207.35,False,True,True,False,False,False,True,False,False
False,True,False,17.0,True,True,True,True,False,True,False,False,False,False,34.4,592.75,False,True,True,False,False,False,False,False,True
False,False,False,24.0,True,True,True,True,False,False,False,True,True,True,50.6,1288.75,False,True,False,True,False,False,False,False,True
False,False,False,51.0,True,True,True,False,True,True,False,True,True,True,56.4,2928.5,False,False,False,True,False,False,True,False,False
False,False,True,31.0,True,True,True,False,False,False,False,False,False,False,25.0,789.2,False,True,True,False,False,False,True,False,False
False,True,False,5.0,True,True,True,False,False,False,False,False,False,True,24.95,100.4,True,True,True,False,False,False,False,True,False
False,True,True,2.0,True,True,True,False,False,False,True,False,False,False,29.05,44.75,False,False,True,False,False,True,False,False,False
False,False,False,1.0,True,True,True,False,False,False,False,True,True,True,45.3,45.3,True,True,True,False,False,False,False,False,True
False,False,False,72.0,True,True,True,True,True,True,True,True,True,True,65.55,4807.45,False,True,False,False,True,True,False,False,False
False,False,False,66.0,True,True,True,True,False,True,True,True,True,True,61.35,4193.4,False,False,False,False,True,True,False,False,False
False,False,False,43.0,True,True,True,True,False,True,False,False,False,True,35.2,1463.7,False,True,False,True,False,False,True,False,False
False,False,False,68.0,True,True,True,False,True,False,True,False,True,False,44.95,3085.35,False,False,True,False,False,False,False,True,False
False,True,True,34.0,True,True,True,False,False,True,True,True,False,True,44.85,1442.6,False,True,True,False,False,False,False,True,False
False,True,True,27.0,True,True,True,False,True,True,False,False,True,True,45.85,1246.4,False,True,False,True,False,False,True,False,False
True,False,False,1.0,True,True,True,False,False,False,False,False,False,True,25.7,25.7,True,False,True,False,False,False,False,False,True
False,False,False,3.0,True,True,True,True,False,True,True,False,False,False,41.35,107.25,False,True,True,False,False,False,False,False,True
False,True,True,39.0,True,True,True,False,False,False,False,False,False,True,25.25,947.75,False,True,False,True,False,False,True,False,False
False,True,False,60.0,True,True,True,True,True,False,True,False,False,False,37.7,2288.7,False,False,False,False,True,True,False,False,False
False,True,True,72.0,True,True,True,True,True,True,True,True,True,True,63.8,4684.3,False,False,False,False,True,True,False,False,False
True,False,False,35.0,True,True,True,False,False,True,False,True,False,True,39.85,1434.6,False,False,True,False,False,False,False,True,False
False,True,True,19.0,True,True,True,False,False,False,False,False,False,True,24.85,434.8,False,False,True,False,False,False,False,False,True
True,True,False,41.0,True,True,True,False,True,True,False,True,True,True,53.95,2215.4,False,True,True,False,False,False,False,True,False
False,False,False,42.0,True,True,True,True,True,True,True,False,True,True,54.75,2348.45,False,False,False,True,False,False,False,True,False
True,False,False,71.0,True,True,True,True,True,False,False,True,True,True,56.45,3985.35,False,True,False,True,False,False,False,True,False
False,True,True,72.0,True,True,True,False,True,False,True,True,True,False,53.65,3784.0,False,False,False,False,True,False,True,False,False
False,False,False,3.0,True,True,True,True,True,False,False,False,False,True,35.45,106.85,True,True,True,False,False,False,False,False,True
False,True,False,49.0,True,True,True,False,True,False,False,True,True,False,49.65,2409.9,False,True,False,False,True,False,True,False,False
False,False,False,7.0,True,True,True,False,True,False,False,False,True,True,40.1,293.3,True,False,True,False,False,False,True,False,False
False,False,False,2.0,True,True,True,False,False,False,False,False,False,False,24.5,46.4,False,False,True,False,False,False,False,True,False
False,True,True,28.0,True,True,True,True,False,True,True,True,False,False,50.8,1386.8,False,True,False,True,False,False,False,False,True
False,True,False,44.0,True,True,True,False,True,True,False,True,True,False,54.3,2390.45,False,True,False,False,True,True,False,False,False
True,True,False,24.0,True,True,True,False,False,True,True,False,False,False,34.25,828.2,False,True,True,False,False,False,False,False,True
False,False,False,4.0,True,True,True,True,False,True,False,False,False,False,35.0,135.75,False,False,True,False,False,False,False,False,True
False,False,False,29.0,True,True,True,True,True,False,True,False,False,False,39.5,1082.75,False,False,False,True,False,False,True,False,False
False,False,False,1.0,True,True,True,False,False,False,False,True,False,True,35.75,35.75,True,False,True,False,False,False,False,True,False
False,True,True,56.0,True,True,True,False,True,True,False,False,False,True,36.1,1971.5,False,True,False,True,False,False,True,False,False
False,False,False,41.0,True,True,True,False,False,True,False,True,True,True,51.35,2075.1,False,True,False,True,False,False,False,True,False
False,False,False,1.0,True,True,True,False,False,False,False,False,False,False,25.35,25.35,False,True,True,False,False,False,False,False,True
False,True,True,18.0,True,True,True,False,True,True,False,True,False,False,46.4,812.4,False,True,False,True,False,False,True,False,False
False,True,False,46.0,True,True,True,True,True,False,False,True,False,False,45.55,2062.15,False,False,True,False,False,False,False,True,False
False,False,False,15.0,True,True,True,False,True,False,False,False,True,True,38.8,603.0,False,False,False,False,True,False,False,False,True
False,False,False,1.0,True,True,True,False,True,False,True,False,True,True,44.65,44.65,True,True,True,False,False,False,False,False,True
True,True,True,68.0,True,True,True,False,True,True,False,True,True,True,53.0,3656.25,False,False,False,False,True,False,False,True,False
False,True,True,69.0,True,True,True,True,False,True,False,False,True,True,43.95,2960.1,False,False,False,False,True,False,True,False,False
True,False,False,5.0,True,True,True,False,True,False,False,False,False,False,28.45,131.05,True,False,True,False,False,False,False,True,False
False,False,False,5.0,True,True,True,False,False,False,False,False,False,False,24.3,100.2,False,True,True,False,False,False,False,False,True
False,False,False,72.0,True,True,True,True,False,True,True,True,True,True,61.2,4390.25,False,True,False,False,True,False,True,False,False
False,False,False,26.0,True,True,True,True,False,False,True,True,True,False,54.55,1362.85,False,True,False,True,False,False,True,False,False
False,True,False,68.0,True,True,True,True,False,True,False,True,True,True,54.1,3794.5,False,True,False,False,True,True,False,False,False
False,True,False,29.0,True,True,True,False,False,False,False,True,True,True,45.9,1332.4,False,True,True,False,False,False,False,True,False
False,True,False,36.0,True,True,True,True,False,True,False,False,False,False,35.35,1317.95,False,True,False,True,False,False,False,False,True
False,False,False,1.0,True,True,True,False,False,True,True,False,False,False,35.9,35.9,False,False,True,False,False,False,False,False,True
False,True,False,70.0,True,True,True,False,True,True,True,True,True,False,57.8,4039.3,False,False,False,False,True,True,False,False,False
False,True,False,4.0,True,True,True,False,True,False,False,True,True,True,48.55,201.0,True,True,True,False,False,False,False,True,False
False,False,False,25.0,True,True,True,False,False,True,False,True,True,True,48.25,1293.8,False,False,True,False,False,False,False,True,False
False,True,True,13.0,True,True,True,True,True,False,True,False,False,False,40.55,590.35,False,True,False,False,True,False,False,False,True
False,False,False,9.0,True,True,True,True,False,True,True,False,True,False,50.8,463.6,False,True,False,True,False,False,False,False,True
False,True,False,9.0,True,True,True,False,False,False,False,False,False,False,24.1,259.8,True,True,False,True,False,True,False,False,False
False,True,True,52.0,True,True,True,False,True,True,True,True,False,False,50.2,2554.0,False,True,False,False,True,False,False,False,True
False,True,False,3.0,True,True,True,True,False,False,True,False,False,False,35.1,101.1,False,True,True,False,False,False,False,False,True
False,False,False,14.0,True,True,True,False,False,True,True,True,True,True,55.0,771.95,False,True,True,False,False,False,False,True,False
False,False,False,13.0,True,True,True,False,False,False,False,False,False,True,25.15,331.85,False,True,True,False,False,True,False,False,False
False,False,False,10.0,True,True,True,True,False,False,False,False,False,False,29.75,301.9,False,False,True,False,False,False,False,False,True
False,False,False,1.0,True,True,True,False,False,False,False,False,False,False,24.8,24.8,True,True,True,False,False,True,False,False,False
False,True,False,59.0,True,True,True,False,False,False,False,True,True,True,44.3,2666.75,False,True,True,False,False,False,False,True,False
False,False,False,3.0,True,True,True,False,False,False,True,False,False,True,29.75,96.85,False,True,True,False,False,False,False,True,False
False,False,True,50.0,True,True,True,True,True,False,False,True,False,True,43.05,2208.05,False,True,False,True,False,True,False,False,False
True,False,False,10.0,True,True,True,False,False,False,True,False,False,True,29.65,291.4,True,False,True,False,False,False,False,True,False
False,True,False,60.0,True,True,True,False,True,True,True,True,True,True,60.2,3582.4,False,True,True,False,False,True,False,False,False
True,False,False,55.0,True,True,True,True,True,False,False,True,False,True,44.85,2479.05,False,True,True,False,False,False,False,True,False
False,False,False,6.0,True,True,True,False,False,True,False,True,True,True,47.95,305.1,True,False,True,False,False,False,False,True,False
True,False,False,53.0,True,True,True,False,True,True,False,True,True,True,54.45,2854.55,True,True,True,False,False,False,False,True,False
True,True,True,12.0,True,True,True,False,False,False,True,False,False,True,29.3,355.9,False,False,True,False,False,False,False,False,True
False,False,True,4.0,True,True,True,True,True,True,False,True,True,True,57.2,223.75,False,False,True,False,False,False,False,False,True
True,True,True,28.0,True,True,True,False,False,False,False,True,False,True,35.9,973.65,False,False,True,False,False,False,False,True,False
False,False,False,11.0,True,True,True,False,False,False,False,True,False,True,35.8,363.15,False,False,True,False,False,False,False,False,True
False,False,True,40.0,True,True,True,True,True,False,True,False,False,False,40.25,1564.05,False,True,False,True,False,False,False,False,True
False,False,False,1.0,True,True,True,False,False,False,False,False,False,True,24.45,24.45,True,True,True,False,False,False,False,False,True
False,False,True,26.0,True,True,True,False,True,False,False,True,False,True,39.95,1023.75,False,True,False,True,False,True,False,False,False
False,True,True,34.0,True,True,True,True,False,False,False,False,False,False,30.4,938.65,False,True,False,True,False,True,False,False,False
False,False,True,39.0,True,True,True,False,False,True,True,True,True,False,54.85,2191.7,False,True,False,True,False,True,False,False,False
False,False,False,4.0,True,True,True,False,False,True,False,False,False,True,29.65,118.5,True,True,True,False,False,False,False,True,False
False,True,True,61.0,True,True,True,False,True,True,True,True,False,False,51.35,3244.4,False,False,False,False,True,False,True,False,False
False,False,False,57.0,True,True,True,False,True,False,False,True,False,True,39.3,2111.45,True,True,True,False,False,False,False,True,False
False,False,False,19.0,True,True,True,False,False,False,False,False,False,True,25.15,468.35,False,True,True,False,False,True,False,False,False
False,True,False,26.0,True,True,True,True,True,True,False,True,False,False,47.85,1190.5,False,False,False,True,False,True,False,False,False
False,True,True,63.0,True,True,True,True,True,True,False,True,True,False,59.0,3707.6,False,True,False,False,True,False,False,True,False
False,True,True,56.0,True,True,True,True,True,False,True,True,False,True,52.0,2884.9,False,True,False,True,False,False,False,False,True
False,False,True,39.0,True,True,True,False,False,True,False,False,False,False,30.1,1131.3,True,False,True,False,False,False,True,False,False
False,False,False,2.0,True,True,True,False,True,True,True,False,False,True,40.4,77.15,True,True,True,False,False,False,True,False,False
False,True,True,26.0,True,True,True,True,True,False,True,False,False,False,38.85,1025.15,False,False,True,False,False,False,True,False,False
False,True,False,14.0,True,True,True,False,False,False,False,True,True,False,46.35,667.7,True,True,True,False,False,False,False,True,False
False,False,False,10.0,True,True,True,False,True,False,True,False,False,False,35.75,389.8,False,True,True,False,False,False,False,True,False
False,False,False,46.0,True,True,True,True,False,False,False,False,False,True,30.75,1489.3,False,True,False,True,False,True,False,False,False
False,True,True,72.0,True,True,True,True,True,True,True,False,False,False,45.25,3139.8,False,True,False,False,True,False,True,False,False
False,False,False,8.0,True,True,True,True,False,False,False,False,False,True,30.45,226.45,True,True,True,False,False,False,False,True,False
False,False,False,2.0,True,True,True,False,False,False,False,False,True,True,34.7,62.25,True,False,True,False,False,False,False,True,False
False,True,False,17.0,True,True,True,False,True,False,False,True,True,True,49.8,836.35,False,True,True,False,False,False,False,False,True
False,False,False,8.0,True,True,True,False,False,False,False,False,False,True,25.25,186.3,False,True,True,False,False,False,True,False,False
False,True,True,28.0,True,True,True,False,True,True,True,True,True,True,60.0,1682.05,False,True,False,True,False,False,True,False,False
False,False,False,28.0,True,True,True,False,False,False,True,False,False,True,30.1,810.85,False,True,True,False,False,False,True,False,False
True,True,False,3.0,True,True,True,False,False,False,False,True,False,True,36.45,93.7,True,True,True,False,False,False,False,False,True
False,True,True,40.0,True,True,True,False,True,False,False,True,True,True,50.85,2036.55,False,False,True,False,False,False,False,True,False
False,True,True,69.0,True,True,True,True,True,True,True,False,False,False,46.25,3121.4,False,False,False,False,True,True,False,False,False
False,False,False,34.0,True,True,True,False,False,False,False,False,False,True,25.05,852.7,False,True,True,False,False,True,False,False,False
False,False,False,29.0,True,True,True,False,True,False,True,False,False,False,34.3,1004.75,False,True,True,False,False,False,False,True,False
False,False,True,8.0,True,True,True,True,False,False,True,False,True,True,44.55,343.45,False,True,False,False,True,False,False,False,True
False,False,True,21.0,True,True,True,True,True,True,True,True,False,False,53.15,1183.2,False,False,False,False,True,False,False,False,True
False,False,False,67.0,True,True,True,True,False,False,True,True,False,False,43.9,3097.2,False,True,False,False,True,False,False,True,False
False,True,False,64.0,True,True,True,True,False,True,True,False,True,False,47.85,3147.5,True,False,False,False,True,False,False,True,False
False,True,True,70.0,True,True,True,True,False,True,True,True,True,False,59.5,4144.8,False,True,False,False,True,True,False,False,False
True,False,False,64.0,True,True,True,False,True,False,True,True,False,True,43.85,2751.0,False,False,True,False,False,False,False,True,False
False,False,False,2.0,True,True,True,False,True,False,False,True,True,False,51.4,96.8,False,False,True,False,False,False,False,True,False
True,True,False,60.0,True,True,True,False,True,False,False,True,True,True,49.45,2907.55,False,False,False,False,True,False,True,False,False
False,True,True,25.0,True,True,True,True,True,True,False,True,True,True,58.6,1502.65,True,False,True,False,False,False,True,False,False
False,False,False,29.0,True,True,True,False,False,False,False,False,False,True,24.85,788.05,False,True,False,True,False,False,False,False,True
False,False,False,7.0,True,True,True,False,False,False,False,False,False,True,24.35,150.85,False,True,False,True,False,False,True,False,False
False,False,False,37.0,True,True,True,False,False,False,True,False,False,False,28.6,973.55,True,False,True,False,False,False,True,False,False
False,False,False,1.0,True,True,True,False,False,False,False,False,False,True,24.9,24.9,False,False,True,False,False,False,False,False,True
False,False,False,43.0,True,True,True,False,False,True,True,False,True,False,44.15,1931.3,False,True,False,True,False,False,False,True,False
False,False,True,29.0,True,True,True,True,True,True,True,False,False,True,45.0,1242.45,False,True,True,False,False,False,False,False,True
False,True,True,7.0,True,True,True,True,True,True,False,True,True,False,58.85,465.7,False,True,True,False,False,False,False,False,True
False,True,False,1.0,True,True,True,False,False,True,False,True,True,True,50.35,50.35,True,True,True,False,False,False,False,True,False
False,False,False,18.0,True,True,True,True,False,True,False,False,False,False,33.6,550.35,False,True,True,False,False,False,False,False,True
False,False,True,39.0,True,True,True,True,False,False,True,True,False,False,45.05,1790.6,False,True,False,True,False,True,False,False,False
False,False,False,1.0,True,True,True,False,False,False,False,False,False,False,25.2,25.2,True,False,True,False,False,False,False,False,True
True,False,False,5.0,True,True,True,False,False,True,True,True,False,False,45.4,214.75,False,True,True,False,False,False,True,False,False
False,False,False,33.0,True,True,True,False,True,False,False,True,False,True,39.1,1309.0,False,True,False,True,False,False,False,True,False
False,False,True,8.0,True,True,True,False,False,False,False,False,False,False,25.5,215.2,True,True,True,False,False,False,False,False,True
False,False,False,54.0,True,True,True,True,False,False,True,True,False,False,45.2,2460.55,False,True,False,False,True,False,True,False,False
False,True,True,72.0,True,True,True,True,False,True,True,True,True,False,60.95,4549.05,False,True,False,False,True,True,False,False,False
True,True,False,38.0,True,True,True,False,False,False,False,False,False,True,24.85,955.75,False,True,True,False,False,False,False,True,False
False,True,True,18.0,True,True,True,False,False,False,False,False,False,False,25.55,467.85,False,True,True,False,False,False,True,False,False
False,True,True,42.0,True,True,True,True,False,True,True,True,False,False,48.15,2032.3,False,True,False,False,True,False,True,False,False
False,False,False,13.0,True,True,True,False,True,False,False,False,False,True,31.65,389.95,False,False,True,False,False,False,False,True,False
True,True,False,4.0,True,True,True,False,False,True,False,False,False,True,29.9,118.25,False,True,True,False,False,False,False,True,False
False,True,False,57.0,True,True,True,False,True,True,True,True,True,True,57.5,3265.95,False,True,False,False,True,True,False,False,False
False,False,False,11.0,True,True,True,False,True,True,False,False,False,False,34.7,383.55,False,True,True,False,False,False,False,False,True
True,True,False,24.0,True,True,True,True,False,False,False,False,True,False,39.1,971.3,True,True,True,False,False,True,False,False,False
False,True,False,48.0,True,True,True,False,True,True,False,False,False,False,34.7,1604.5,True,False,False,True,False,False,False,False,True
False,True,True,3.0,True,True,True,True,False,False,False,False,False,False,29.7,91.7,True,False,True,False,False,False,True,False,False
False,False,False,36.0,True,True,True,False,True,False,True,False,False,True,34.85,1267.2,False,False,True,False,False,True,False,False,False
False,False,False,29.0,True,True,True,False,False,False,False,False,False,True,25.1,712.85,True,False,True,False,False,False,True,False,False
True,True,False,44.0,True,True,True,False,True,False,False,False,False,True,30.35,1359.7,True,True,True,False,False,False,False,True,False
True,False,False,21.0,True,True,True,True,False,False,False,True,False,True,41.9,840.1,True,False,True,False,False,False,False,True,False
False,False,False,12.0,True,True,True,True,False,False,True,False,False,True,33.6,435.45,False,False,False,True,False,False,False,False,True
False,True,False,3.0,True,True,True,False,False,False,True,False,False,True,29.9,92.25,False,True,True,False,False,False,False,True,False
False,False,False,39.0,True,True,True,False,False,True,True,False,False,False,35.55,1309.15,False,True,False,True,False,False,False,False,True
False,True,False,1.0,True,True,True,False,False,False,False,False,False,True,23.45,23.45,True,True,True,False,False,False,False,True,False
True,True,False,7.0,True,True,True,True,False,False,False,False,False,False,29.8,220.45,False,True,True,False,False,True,False,False,False
True,True,False,69.0,True,True,True,True,True,False,False,True,True,False,56.55,3952.65,False,True,False,False,True,False,True,False,False
False,True,True,20.0,True,True,True,True,False,True,True,False,False,True,39.4,825.4,False,True,False,False,True,False,True,False,False
False,True,False,42.0,True,True,True,False,True,False,True,False,False,False,33.55,1445.3,True,False,False,True,False,False,False,False,True
True,False,False,54.0,True,True,True,False,True,True,False,True,True,True,55.45,2966.95,False,True,False,True,False,False,False,True,False
False,False,False,35.0,True,True,True,False,False,True,False,True,True,False,49.2,1701.65,False,True,True,False,False,False,False,True,False
True,False,False,1.0,True,True,True,False,False,False,False,False,False,False,25.05,25.05,True,False,True,False,False,False,False,False,True
True,True,False,71.0,True,True,True,False,True,True,False,True,True,True,52.3,3765.05,False,True,True,False,False,True,False,False,False
False,True,True,72.0,True,True,True,True,True,True,True,False,True,False,55.65,3880.05,False,False,False,False,True,False,True,False,False
False,False,False,21.0,True,True,True,True,False,False,True,False,False,False,35.1,770.4,False,False,False,False,True,False,False,False,True
False,True,True,5.0,True,True,True,False,True,False,False,False,False,True,30.5,167.2,False,False,True,False,False,False,False,True,False
False,False,False,46.0,True,True,True,True,False,True,True,True,True,True,60.75,2893.4,False,True,False,False,True,True,False,False,False
False,False,False,15.0,True,True,True,False,False,True,False,True,True,False,50.75,688.2,False,True,False,True,False,False,False,True,False
False,False,True,72.0,True,True,True,True,True,True,True,True,True,False,67.2,4671.7,False,True,False,False,True,False,True,False,False
False,True,True,36.0,True,True,True,True,False,True,True,False,False,False,40.65,1547.35,False,False,False,False,True,False,True,False,False
True,False,False,70.0,True,True,True,False,False,False,False,True,True,True,45.25,3264.45,True,True,False,True,False,False,False,True,False
False,False,False,52.0,True,True,True,True,True,True,False,True,True,True,58.75,3038.55,False,False,False,False,True,True,False,False,False
True,False,False,12.0,True,True,True,False,False,True,True,False,True,True,43.65,526.95,True,True,True,False,False,False,False,True,False
False,False,False,72.0,True,True,True,True,True,True,True,True,True,True,65.6,4566.5,False,True,False,False,True,True,False,False,False
False,False,False,1.0,True,True,True,True,False,False,False,False,False,False,29.7,29.7,True,True,True,False,False,False,False,False,True
False,True,False,17.0,True,True,True,False,True,True,False,False,False,True,35.65,646.05,False,False,True,False,False,False,True,False,False
False,True,True,49.0,True,True,True,False,True,False,False,True,True,True,51.8,2541.25,True,True,False,True,False,True,False,False,False
False,False,True,10.0,True,True,True,True,True,False,True,False,False,False,40.25,411.45,False,False,False,True,False,False,False,False,True
False,False,False,40.0,True,True,True,True,False,False,True,True,True,True,54.55,2236.2,False,False,False,True,False,True,False,False,False
False,False,False,3.0,True,True,True,False,False,False,False,True,False,False,35.2,108.95,True,False,True,False,False,False,True,False,False
False,False,False,68.0,True,True,True,True,True,True,True,True,True,False,64.35,4539.6,False,False,False,False,True,False,True,False,False
False,True,False,9.0,True,True,True,False,False,False,True,True,False,False,40.65,328.95,True,True,True,False,False,False,False,False,True
False,False,False,4.0,True,True,True,False,False,False,True,False,False,False,30.5,118.4,False,True,True,False,False,False,False,True,False
False,False,False,12.0,True,True,True,False,True,True,True,True,True,False,60.65,743.3,False,False,False,True,False,False,False,True,False
False,False,False,50.0,True,True,True,False,True,True,True,False,False,False,39.7,1932.75,False,False,False,False,True,False,True,False,False
False,True,False,7.0,True,True,True,True,True,False,False,False,False,False,34.2,256.6,False,True,True,False,False,False,False,False,True
False,False,False,12.0,True,True,True,True,False,True,True,False,True,False,49.85,552.1,False,False,False,False,True,False,False,False,True
True,True,True,29.0,True,True,True,False,True,True,False,False,False,True,35.65,1025.15,False,False,True,False,False,False,False,False,True
False,True,False,46.0,True,True,True,False,False,False,False,True,True,True,43.95,2007.85,False,False,True,False,False,False,False,True,False
False,False,False,13.0,True,True,True,False,False,True,False,True,True,False,49.15,649.4,False,False,True,False,False,False,False,True,False
False,True,True,72.0,True,True,True,True,True,True,True,True,True,True,65.1,4754.3,False,True,False,False,True,False,True,False,False
False,False,False,1.0,True,True,True,False,False,False,False,False,True,True,35.45,35.45,True,True,True,False,False,False,False,True,False
False,False,False,69.0,True,True,True,False,True,True,False,False,False,True,35.75,2492.25,False,True,False,True,False,True,False,False,False
False,False,False,60.0,True,True,True,True,True,True,False,False,False,False,39.6,2424.5,False,True,False,False,True,True,False,False,False
False,False,False,39.0,True,True,True,False,False,False,True,False,True,True,40.6,1494.5,False,True,True,False,False,False,False,True,False
False,False,False,53.0,True,True,True,True,True,False,False,False,True,True,46.3,2546.85,False,True,True,False,False,True,False,False,False
False,False,False,67.0,True,True,True,False,False,True,True,True,True,True,53.4,3579.15,False,False,True,False,False,False,True,False,False
False,True,True,7.0,True,True,True,True,True,True,False,False,False,False,38.55,280.0,False,True,False,False,True,False,False,False,True
False,False,False,12.0,True,True,True,True,True,False,True,True,False,True,50.95,605.75,False,True,True,False,False,True,False,False,False
True,False,False,1.0,True,True,True,False,False,False,False,False,False,True,25.8,25.8,True,False,True,False,False,False,False,False,True
False,True,False,42.0,True,True,True,False,False,False,False,False,False,True,25.1,1097.15,False,True,True,False,False,False,True,False,False
False,True,False,62.0,True,True,True,True,True,False,True,False,False,True,38.6,2345.55,False,True,False,False,True,False,True,False,False
False,False,False,47.0,True,True,True,True,False,True,True,False,False,False,41.9,1875.25,False,False,False,False,True,False,False,False,True
False,True,False,29.0,True,True,True,False,False,False,False,True,False,False,33.75,1009.25,False,True,True,False,False,False,False,False,True
False,False,False,6.0,True,True,True,True,False,False,False,False,False,False,29.45,161.45,False,False,True,False,False,True,False,False,False
False,False,False,31.0,True,True,True,False,False,True,False,True,True,True,50.05,1523.4,False,True,False,True,False,False,False,True,False
True,True,True,72.0,True,True,True,True,True,True,True,True,True,True,64.8,4732.35,False,True,False,False,True,True,False,False,False
True,False,False,1.0,True,True,True,False,False,False,False,False,False,True,25.2,25.2,True,False,True,False,False,False,False,True,False
False,False,False,9.0,True,True,True,True,True,True,False,False,False,False,39.55,373.0,False,True,False,True,False,False,False,False,True
False,False,False,41.0,True,True,True,False,True,False,False,False,True,True,40.35,1677.85,False,False,True,False,False,False,False,True,False
False,False,True,23.0,True,True,True,True,True,False,True,False,False,False,40.65,947.4,False,True,False,True,False,True,False,False,False
False,True,True,66.0,True,True,True,False,False,True,True,True,True,False,54.65,3632.0,False,True,False,False,True,True,False,False,False
False,False,False,1.0,True,True,True,False,False,False,False,False,False,True,25.1,25.1,True,False,True,False,False,False,False,False,True
False,False,True,1.0,True,True,True,False,True,False,False,False,False,True,31.35,31.35,True,True,True,False,False,False,False,False,True
False,True,True,35.0,True,True,True,True,False,False,True,True,False,True,46.35,1662.05,False,False,False,False,True,False,True,False,False
False,False,False,19.0,True,True,True,False,False,True,False,True,False,True,39.65,733.35,True,True,True,False,False,False,False,True,False
False,False,False,28.0,True,True,True,False,False,True,False,False,False,True,29.75,790.7,False,False,True,False,False,False,False,False,True
False,True,False,4.0,True,True,True,True,False,False,False,False,False,True,29.05,129.6,False,False,True,False,False,False,False,True,False
True,True,False,59.0,True,True,True,True,False,True,True,True,True,True,64.05,3886.85,False,True,False,False,True,False,True,False,False
False,False,False,17.0,True,True,True,False,False,False,False,False,False,False,25.1,382.8,False,True,True,False,False,False,True,False,False
False,False,False,5.0,True,True,True,False,False,True,False,False,True,False,39.5,210.75,True,False,True,False,False,False,False,True,False
False,True,False,12.0,True,True,True,False,False,True,False,True,True,True,49.85,617.15,False,False,True,False,False,True,False,False,False
False,True,True,72.0,True,True,True,True,True,True,True,True,True,True,65.25,4478.85,False,True,False,False,True,False,True,False,False
True,False,False,10.0,True,True,True,False,False,False,False,False,True,True,34.7,329.8,True,False,True,False,False,False,False,True,False
False,True,True,21.0,True,True,True,True,False,True,False,True,True,True,55.95,1157.05,True,False,False,True,False,False,False,True,False
False,False,True,22.0,True,True,True,False,False,True,False,True,True,True,49.45,1031.4,False,False,False,True,False,False,True,False,False
False,False,False,50.0,True,True,True,True,True,False,False,False,False,True,35.0,1782.4,False,True,True,False,False,False,False,False,True
False,True,True,47.0,True,True,True,True,True,True,False,True,True,True,60.0,2768.65,False,False,False,False,True,False,True,False,False
True,False,False,70.0,True,True,True,False,True,True,False,True,False,True,44.05,3011.65,False,True,False,True,False,False,True,False,False
False,False,False,52.0,True,True,True,True,True,False,True,False,False,False,39.1,1982.1,False,False,False,False,True,False,False,False,True
False,True,True,52.0,True,True,True,True,False,True,False,False,True,False,44.25,2276.1,False,True,False,True,False,True,False,False,False
False,False,False,18.0,True,True,True,False,True,True,False,False,False,True,33.5,600.0,True,True,True,False,False,False,True,False,False
True,True,False,13.0,True,True,True,False,False,False,False,True,True,False,45.3,528.45,False,False,True,False,False,False,False,True,False
False,False,False,61.0,True,True,True,True,True,True,True,False,False,False,43.7,2696.55,False,False,False,True,False,False,True,False,False
False,False,False,9.0,True,True,True,False,False,False,False,False,False,True,24.6,190.1,False,True,True,False,False,False,False,False,True
False,False,False,20.0,True,True,True,False,False,False,False,False,False,False,24.9,505.95,False,False,True,False,False,False,True,False,False
False,False,False,3.0,True,True,True,False,True,False,False,False,False,True,29.6,79.45,True,True,True,False,False,False,False,True,False
False,False,False,17.0,True,True,True,False,False,False,False,False,False,True,25.65,440.2,False,True,True,False,False,False,False,False,True
False,False,False,1.0,True,True,True,False,False,False,True,False,False,False,30.55,30.55,False,False,True,False,False,False,False,False,True
False,False,False,30.0,True,True,True,False,False,False,True,False,True,True,40.35,1187.05,False,False,False,True,False,False,True,False,False
False,True,False,70.0,True,True,True,True,False,True,True,False,True,True,49.85,3370.2,False,False,False,False,True,True,False,False,False
True,True,False,8.0,True,True,True,False,True,True,False,False,True,True,43.35,371.4,False,True,True,False,False,False,False,False,True
False,False,False,1.0,True,True,True,False,False,False,False,False,False,False,24.4,24.4,False,False,True,False,False,False,False,False,True
False,False,True,18.0,True,True,True,False,False,False,False,False,True,True,35.0,553.0,True,False,True,False,False,False,False,True,False
True,False,False,37.0,True,True,True,False,True,True,False,False,False,False,36.65,1315.0,False,True,True,False,False,False,False,True,False
False,True,True,60.0,True,True,True,False,True,False,False,True,True,True,49.75,3069.45,False,False,True,False,False,False,False,True,False
False,True,True,67.0,True,True,True,True,False,False,True,False,False,False,35.7,2545.7,False,False,False,False,True,False,True,False,False
False,True,True,64.0,True,True,True,True,False,True,True,True,True,True,60.05,3845.45,False,True,False,False,True,True,False,False,False
False,False,False,4.0,True,True,True,False,False,False,False,False,False,True,24.25,96.05,True,False,True,False,False,False,False,False,True
False,True,True,45.0,True,True,True,False,True,True,True,False,True,False,51.0,2264.5,False,False,False,True,False,True,False,False,False
False,False,False,6.0,True,True,True,False,False,False,False,True,True,False,45.0,298.7,False,False,True,False,False,False,True,False,False
False,False,False,1.0,True,True,True,False,False,False,False,False,True,True,35.55,35.55,True,True,True,False,False,False,False,True,False
False,False,False,1.0,True,True,True,False,False,False,False,False,False,False,24.6,24.6,True,False,True,False,False,False,False,True,False
False,False,True,13.0,True,True,True,False,True,False,False,False,False,False,30.15,382.2,False,False,True,False,False,False,False,True,False
False,True,True,23.0,True,True,True,True,False,False,True,False,False,False,34.6,813.45,False,False,False,False,True,False,False,False,True
False,False,False,51.0,True,True,True,True,False,False,True,False,True,True,44.45,2181.55,False,True,True,False,False,False,True,False,False
False,False,False,70.0,True,True,True,True,False,True,True,False,True,False,48.4,3442.8,False,True,False,False,True,True,False,False,False
False,False,False,1.0,True,True,True,False,False,False,False,False,False,True,24.25,24.25,True,True,True,False,False,False,False,True,False
False,True,True,72.0,True,True,True,False,True,True,True,True,True,True,60.0,4264.0,False,False,False,False,True,False,False,True,False
False,False,False,59.0,True,True,True,False,False,False,True,True,True,True,51.7,3005.8,False,True,True,False,False,False,False,True,False
False,True,True,31.0,True,True,True,True,False,False,True,False,False,False,35.4,1077.5,True,True,True,False,False,True,False,False,False
False,True,True,34.0,True,True,True,False,False,False,True,True,False,True,40.55,1325.85,False,True,False,False,True,False,False,True,False
False,False,False,1.0,True,True,True,False,False,False,False,False,False,False,25.85,25.85,False,False,False,True,False,False,False,False,True
True,False,False,33.0,True,True,True,True,True,True,False,True,True,True,59.45,1884.65,False,False,True,False,False,True,False,False,False
False,True,False,4.0,True,True,True,False,False,False,False,False,False,True,25.15,99.95,False,False,True,False,False,False,False,True,False
False,True,False,25.0,True,True,True,False,False,False,False,True,False,True,34.0,853.0,True,False,True,False,False,True,False,False,False
False,False,False,62.0,True,True,True,True,True,True,True,False,False,True,43.7,2618.3,False,True,False,False,True,True,False,False,False
False,True,True,29.0,True,True,True,True,True,True,True,False,True,True,55.35,1636.95,False,True,False,True,False,False,True,False,False
False,True,False,37.0,True,True,True,True,False,False,True,True,False,False,45.4,1593.1,False,False,False,False,True,False,False,True,False
False,False,False,43.0,True,True,True,False,False,True,False,True,True,True,49.05,2076.2,True,False,True,False,False,True,False,False,False
False,False,False,53.0,True,True,True,False,False,True,True,True,True,False,54.9,3045.75,False,True,False,True,False,False,True,False,False
False,False,False,52.0,True,True,True,True,True,True,True,True,True,False,63.9,3334.95,False,True,False,False,True,False,True,False,False
False,True,True,49.0,True,True,True,True,False,False,True,False,False,True,35.8,1782.0,False,False,False,True,False,False,True,False,False
False,True,True,21.0,True,True,True,False,False,False,False,False,False,True,26.05,565.75,False,True,True,False,False,False,False,True,False
True,True,False,1.0,True,True,True,False,False,False,False,False,False,True,24.8,24.8,True,False,True,False,False,False,False,True,False
False,True,False,1.0,True,True,True,False,True,False,False,False,False,True,29.85,29.85,False,False,True,False,False,False,False,True,False
False,True,True,6.0,True,True,True,False,True,True,True,False,False,False,40.55,217.5,False,False,False,False,True,False,False,False,True
False,True,False,39.0,True,True,True,True,False,True,False,True,True,False,55.9,2184.35,True,False,True,False,False,False,False,True,False
False,True,True,68.0,True,True,True,False,True,True,True,True,True,False,60.3,4109.0,False,False,False,False,True,False,True,False,False
True,False,False,1.0,True,True,True,False,False,True,False,False,True,True,39.65,39.65,True,True,True,False,False,False,False,True,False
False,False,False,44.0,True,True,True,False,True,True,False,True,True,True,53.95,2375.4,True,True,False,True,False,False,False,False,True
False,True,True,11.0,True,True,True,True,False,False,False,True,True,False,50.55,565.35,False,False,True,False,False,False,False,True,False
False,False,False,23.0,True,True,True,False,False,False,False,True,True,True,44.95,996.85,False,False,True,False,False,False,False,True,False
False,True,False,2.0,True,True,True,False,False,False,False,False,True,True,35.1,68.75,True,False,True,False,False,False,False,True,False
False,False,False,56.0,True,True,True,True,True,True,True,False,False,False,45.05,2560.1,False,False,False,False,True,True,False,False,False
False,True,False,72.0,True,True,True,True,True,True,True,True,True,False,65.5,4919.7,False,False,False,False,True,True,False,False,False
False,True,False,18.0,True,True,True,False,False,True,False,True,False,True,39.05,669.85,True,False,True,False,False,False,False,True,False
False,False,False,3.0,True,True,True,False,True,False,False,True,True,True,50.6,155.35,True,False,True,False,False,False,False,True,False
True,True,False,19.0,True,True,True,False,True,True,False,False,False,True,34.3,577.15,False,True,True,False,False,False,True,False,False
False,False,False,4.0,True,True,True,True,False,False,False,False,False,True,29.15,110.05,False,False,True,False,False,False,False,False,True
True,True,False,1.0,True,True,True,False,False,False,False,False,False,False,25.05,25.05,True,True,True,False,False,False,False,True,False
False,False,False,21.0,True,True,True,True,False,False,True,True,False,True,43.55,1011.5,False,True,True,False,False,False,False,False,True
False,False,False,36.0,True,True,True,True,True,True,True,False,True,True,53.1,1901.25,False,False,False,False,True,False,False,False,True
True,False,False,4.0,True,True,True,False,False,False,False,False,False,True,25.2,102.5,True,True,True,False,False,True,False,False,False
False,True,True,2.0,True,True,True,False,False,False,False,False,False,True,24.4,36.55,True,False,True,False,False,False,False,False,True
False,True,False,24.0,True,True,True,False,False,True,False,False,False,False,29.1,688.0,False,True,True,False,False,False,False,True,False
True,False,False,52.0,True,True,True,True,False,False,False,True,True,True,48.8,2555.05,False,True,True,False,False,False,True,False,False
True,False,False,33.0,True,True,True,False,False,True,True,True,True,True,54.6,1803.7,False,True,True,False,False,False,False,True,False
False,True,False,52.0,True,True,True,True,False,False,False,False,True,True,39.9,2020.9,False,True,True,False,False,False,False,True,False
False,False,False,54.0,True,True,True,True,False,False,True,False,True,False,44.1,2369.7,False,False,False,True,False,True,False,False,False
False,False,False,2.0,True,True,True,False,False,False,False,False,False,True,24.9,49.7,False,True,True,False,False,False,True,False,False
False,True,True,72.0,True,True,True,True,True,True,True,True,True,False,65.7,4575.35,False,False,False,False,True,True,False,False,False
False,True,False,1.0,True,True,True,False,False,False,False,False,False,True,24.8,24.8,True,False,True,False,False,False,False,True,False
False,False,False,26.0,True,True,True,True,True,False,False,False,True,True,44.65,1156.55,False,True,True,False,False,True,False,False,False
False,False,True,25.0,True,True,True,True,False,False,False,True,False,True,40.65,970.55,False,True,False,True,False,False,True,False,False
False,False,False,15.0,True,True,True,True,True,True,True,False,False,False,45.9,693.45,False,False,False,True,False,False,False,False,True
False,True,True,70.0,True,True,True,False,True,True,True,True,True,False,60.35,4138.7,False,True,False,True,False,False,False,True,False
False,False,True,19.0,True,True,True,False,False,False,False,False,False,True,25.35,566.1,False,True,True,False,False,False,True,False,False
False,False,False,6.0,True,True,True,False,True,False,False,False,False,True,30.5,208.7,True,True,True,False,False,False,True,False,False
True,False,False,1.0,True,True,True,False,False,False,False,False,False,False,25.25,25.25,True,False,True,False,False,False,False,True,False
True,False,False,16.0,True,True,True,False,True,False,False,True,False,True,39.0,679.85,True,True,True,False,False,False,False,False,True
True,False,False,2.0,True,True,True,False,False,True,False,False,False,True,30.4,78.65,True,False,True,False,False,False,False,True,False
True,False,False,3.0,True,True,True,False,False,True,False,False,True,True,41.15,132.2,True,True,True,False,False,False,False,True,False
False,True,False,59.0,True,True,True,False,True,False,False,False,True,True,41.05,2452.7,True,True,True,False,False,True,False,False,False
False,False,False,36.0,True,True,True,True,False,False,False,False,False,False,31.05,1126.35,False,False,False,False,True,True,False,False,False
False,False,True,11.0,True,True,True,True,False,False,True,False,False,True,36.05,402.6,False,False,False,True,False,False,False,False,True
False,True,True,37.0,True,True,True,True,True,True,False,False,False,False,40.2,1448.8,True,True,True,False,False,True,False,False,False
False,True,True,58.0,True,True,True,False,False,True,True,True,True,True,55.5,3166.9,False,False,False,False,True,False,True,False,False
False,True,True,48.0,True,True,True,True,True,False,True,False,False,False,39.4,1978.65,False,False,False,False,True,False,False,False,True
False,True,True,64.0,True,True,True,False,True,True,True,False,True,False,49.85,3210.35,False,False,False,False,True,False,False,True,False
True,False,False,2.0,True,True,True,False,False,False,False,False,False,False,24.35,41.85,True,False,True,False,False,False,False,True,False
False,False,False,13.0,True,True,True,False,False,True,True,False,False,False,35.4,450.4,False,False,False,False,True,False,False,False,True
False,False,True,33.0,True,True,True,True,False,False,True,False,False,False,34.05,1113.95,False,True,False,True,False,False,True,False,False
False,True,True,67.0,True,True,True,True,False,False,False,True,True,False,50.9,3281.65,False,True,False,False,True,False,True,False,False
False,False,False,13.0,True,True,True,False,True,False,False,False,False,False,29.15,357.15,False,False,True,False,False,False,False,True,False
False,False,False,22.0,True,True,True,False,False,True,False,True,True,True,50.6,1073.3,False,False,True,False,False,False,False,True,False
False,False,False,39.0,True,True,True,True,True,False,True,True,False,True,48.95,1880.85,True,True,True,False,False,False,True,False,False
False,False,False,47.0,True,True,True,True,True,False,True,False,False,False,39.65,1798.65,False,False,False,True,False,False,True,False,False
False,False,False,19.0,True,True,True,False,True,False,False,False,True,True,39.7,710.05,False,False,True,False,False,False,False,True,False
False,True,True,63.0,True,True,True,False,True,True,True,False,False,False,39.35,2395.05,False,True,False,False,True,True,False,False,False
True,False,False,45.0,True,True,True,False,False,False,False,False,True,False,34.2,1596.6,False,False,False,True,False,False,False,True,False
True,True,False,72.0,True,True,True,True,True,True,True,True,True,True,64.45,4641.1,False,True,False,False,True,False,True,False,False
False,False,False,62.0,True,True,True,False,True,True,False,False,True,True,43.6,2748.7,False,False,False,False,True,False,True,False,False
False,True,True,61.0,True,True,True,True,True,False,True,False,True,True,50.7,3088.75,False,False,False,True,False,True,False,False,False
True,True,False,27.0,True,True,True,False,False,False,False,False,True,False,36.5,1032.0,True,True,True,False,False,True,False,False,False
False,True,False,13.0,True,True,True,False,False,True,False,True,True,True,48.75,633.4,True,False,True,False,False,True,False,False,False
False,False,False,69.0,True,True,True,True,True,False,True,True,True,True,60.05,4176.7,False,True,False,False,True,True,False,False,False
True,False,False,52.0,True,True,True,False,True,False,False,True,True,True,49.15,2550.9,True,True,True,False,False,False,False,True,False
False,True,False,35.0,True,True,True,True,False,True,False,True,True,False,53.15,1930.9,False,True,False,True,False,False,True,False,False
False,False,False,37.0,True,True,True,False,False,False,False,True,False,False,35.8,1316.9,False,True,False,False,True,False,True,False,False
False,True,True,61.0,True,True,True,True,False,True,False,False,False,False,33.6,2117.2,False,True,True,False,False,True,False,False,False
False,False,False,56.0,True,True,True,False,False,False,False,True,True,True,44.85,2564.95,False,False,True,False,False,False,True,False,False
False,True,False,69.0,True,True,True,True,False,True,True,True,True,False,60.25,4055.5,False,True,False,False,True,True,False,False,False
False,False,False,3.0,True,True,True,False,False,False,False,False,False,False,25.1,79.8,False,True,True,False,False,False,False,True,False
False,False,False,48.0,True,True,True,True,True,False,False,True,False,True,44.8,2104.55,False,False,True,False,False,False,False,True,False
False,True,True,32.0,True,True,True,False,False,True,True,False,False,True,36.25,1151.05,False,True,False,True,False,False,False,False,True
True,True,False,3.0,True,True,True,False,True,False,False,False,False,True,30.75,82.85,False,False,True,False,False,False,False,True,False
False,True,True,51.0,True,True,True,False,False,True,True,True,True,True,56.15,2898.95,False,False,False,True,False,False,False,True,False
False,False,False,3.0,True,True,True,False,True,False,False,False,False,False,29.2,98.5,False,False,True,False,False,False,False,False,True
False,True,True,71.0,True,True,True,True,True,False,True,True,True,False,58.65,4145.25,False,False,False,False,True,False,False,False,True
False,False,False,1.0,True,True,True,False,False,False,False,False,True,True,35.25,35.25,True,True,True,False,False,True,False,False,False
False,True,True,0.0,True,True,True,True,True,True,True,True,False,False,56.05,224.325,False,False,False,False,True,False,True,False,False
False,False,True,23.0,True,True,True,True,False,True,True,False,False,False,40.1,857.75,False,True,False,False,True,False,False,False,True
False,False,False,29.0,True,True,True,True,False,False,True,False,False,False,35.6,1072.6,False,True,False,True,False,False,False,False,True
False,False,False,11.0,True,True,True,False,True,True,True,False,False,True,40.4,422.6,False,False,False,True,False,False,True,False,False
False,False,False,13.0,True,True,True,True,False,False,True,True,False,True,45.55,597.0,True,True,True,False,False,False,True,False,False
False,False,False,31.0,True,True,True,True,True,False,True,False,True,True,49.85,1520.1,False,False,False,False,True,True,False,False,False
True,False,False,6.0,True,True,True,False,False,False,False,True,True,True,44.4,263.05,False,False,True,False,False,False,False,True,False
False,True,False,21.0,True,True,True,True,False,False,False,False,False,False,28.5,629.35,False,False,True,False,False,False,False,True,False
True,False,False,5.0,True,True,True,False,False,False,False,True,True,False,45.7,198.0,True,False,True,False,False,False,False,True,False
False,False,False,4.0,True,True,True,False,False,False,False,False,False,True,24.45,86.6,True,False,True,False,False,False,False,True,False
False,True,True,24.0,True,True,True,True,True,True,True,False,True,True,52.5,1208.15,False,False,False,False,True,False,False,False,True
False,True,True,34.0,True,True,True,True,False,True,True,True,True,False,61.25,1993.2,False,False,False,True,False,False,False,False,True
False,False,False,18.0,True,True,True,False,False,True,True,False,False,True,35.2,607.3,False,False,True,False,False,False,False,True,False
False,False,True,1.0,True,True,True,False,False,False,False,False,False,True,24.7,24.7,False,True,True,False,False,False,False,True,False
False,False,False,46.0,True,True,True,False,True,False,False,False,False,False,30.3,1380.1,True,True,True,False,False,True,False,False,False
True,False,False,8.0,True,True,True,False,False,True,False,False,False,True,29.4,221.9,True,True,True,False,False,False,False,True,False
True,False,False,65.0,True,True,True,False,True,True,False,True,True,True,53.5,3517.9,False,False,False,False,True,True,False,False,False
False,False,False,6.0,True,True,True,True,True,False,True,False,True,False,50.95,307.6,False,False,True,False,False,False,True,False,False
False,False,False,11.0,True,True,True,False,True,False,True,False,False,True,35.65,425.1,False,True,True,False,False,False,False,True,False
False,True,False,72.0,True,True,True,True,True,True,False,False,False,False,42.1,2962.0,False,True,False,False,True,True,False,False,False
False,True,False,26.0,True,True,True,True,False,True,False,False,False,False,35.4,978.6,False,False,False,True,False,False,True,False,False
False,False,False,5.0,True,True,True,True,False,True,True,False,False,False,40.0,223.45,True,True,True,False,False,False,False,False,True
True,False,False,7.0,True,True,True,False,True,False,True,False,True,True,44.4,265.8,False,True,True,False,False,False,False,True,False
False,False,False,3.0,True,True,True,False,False,True,False,True,False,True,40.15,130.75,True,True,True,False,False,False,False,False,True
False,False,False,2.0,True,True,True,False,False,False,True,False,False,True,30.9,59.05,True,False,True,False,False,False,False,True,False
True,False,False,55.0,True,True,True,False,False,True,False,True,True,True,50.05,2743.45,False,True,False,True,False,True,False,False,False
False,False,True,8.0,True,True,True,True,False,False,False,False,True,True,38.5,330.8,False,False,True,False,False,False,False,True,False
False,False,False,1.0,True,True,True,False,False,False,False,False,False,False,25.25,25.25,False,False,True,False,False,True,False,False,False
False,False,False,7.0,True,True,True,True,False,True,False,False,False,False,35.3,264.8,False,True,False,True,False,False,False,False,True
False,False,False,40.0,True,True,True,False,True,False,True,False,False,False,36.0,1382.9,False,True,False,True,False,False,True,False,False
False,True,False,3.0,True,True,True,False,False,False,False,False,False,False,25.0,78.25,False,True,True,False,False,False,False,False,True
False,True,True,12.0,True,True,True,False,False,False,True,False,False,False,30.25,368.85,False,False,False,True,False,False,True,False,False
False,True,False,57.0,True,True,True,True,False,True,True,False,True,True,49.9,2782.4,False,False,True,False,False,True,False,False,False
False,False,False,13.0,True,True,True,False,True,False,False,False,False,True,31.05,347.25,True,False,True,False,False,False,False,True,False
False,False,False,32.0,True,True,True,True,False,False,False,False,False,False,30.15,927.65,False,False,False,True,False,False,False,False,True
False,True,False,71.0,True,True,True,False,False,True,True,False,True,True,47.05,3263.6,False,False,False,False,True,False,False,True,False
False,False,False,1.0,True,True,True,False,False,False,False,False,False,True,25.15,25.15,True,True,True,False,False,False,False,True,False
True,True,True,22.0,True,True,True,True,False,False,False,False,True,False,40.05,880.2,True,True,True,False,False,False,False,False,True
False,False,False,2.0,True,True,True,False,False,False,True,False,False,False,29.85,75.6,True,True,True,False,False,True,False,False,False
True,False,False,1.0,True,True,True,False,False,False,False,False,False,True,25.1,25.1,True,True,True,False,False,False,False,True,False
False,False,False,9.0,True,True,True,False,False,False,False,False,False,True,24.95,190.25,False,True,True,False,False,False,False,True,False
False,True,False,43.0,True,True,True,True,False,False,True,False,False,False,34.0,1505.35,False,False,True,False,False,True,False,False,False
False,True,False,66.0,True,True,True,True,True,True,True,True,False,True,56.6,3789.2,False,True,False,False,True,True,False,False,False
False,False,False,29.0,True,True,True,False,True,False,False,False,False,True,30.6,856.35,True,False,True,False,False,False,False,True,False
True,True,True,48.0,True,True,True,False,True,False,False,False,False,False,29.9,1388.75,False,False,False,True,False,True,False,False,False
False,False,True,1.0,True,True,True,False,True,False,True,False,False,False,33.6,33.6,False,True,True,False,False,False,False,False,True
False,False,False,26.0,True,True,True,False,False,True,True,True,False,True,44.45,1183.8,False,False,True,False,False,False,True,False,False
False,True,True,2.0,True,True,True,False,True,False,False,False,False,True,30.25,63.75,False,False,True,False,False,False,False,False,True
False,True,False,68.0,True,True,True,True,False,True,False,True,True,True,54.4,3723.65,False,False,False,True,False,False,False,True,False
False,False,False,10.0,True,True,True,False,False,False,True,False,False,True,29.6,299.05,False,False,False,False,True,False,False,False,True
False,False,False,5.0,True,True,True,True,True,True,True,False,False,True,43.25,219.0,True,True,True,False,False,False,False,False,True
False,False,False,1.0,True,True,True,False,False,False,False,False,True,False,35.05,35.05,True,False,True,False,False,False,False,False,True
False,True,True,47.0,True,True,True,True,False,True,True,False,False,False,40.3,1794.8,False,True,False,True,False,False,False,True,False
False,False,False,10.0,True,True,True,False,False,False,False,False,True,True,33.9,298.45,True,True,True,False,False,False,False,False,True
False,False,False,1.0,True,True,True,False,False,False,False,False,False,True,24.4,24.4,False,True,True,False,False,False,False,True,False
False,False,False,3.0,True,True,True,False,False,False,True,False,False,False,30.4,82.15,False,True,True,False,False,False,False,True,False
True,True,False,59.0,True,True,True,False,True,False,False,True,True,True,50.25,2997.45,False,True,True,False,False,False,False,True,False
False,False,True,30.0,True,True,True,False,False,False,False,True,True,True,44.5,1307.8,False,True,True,False,False,False,False,True,False
True,True,False,18.0,True,True,True,False,False,True,False,True,True,True,48.35,810.7,True,False,True,False,False,False,False,True,False
False,True,False,67.0,True,True,True,True,True,False,True,False,True,True,50.95,3521.7,False,True,False,False,True,True,False,False,False
False,False,False,20.0,True,True,True,True,True,True,True,True,False,True,55.0,1165.55,False,True,True,False,False,False,True,False,False
False,True,True,48.0,True,True,True,False,False,False,True,False,False,True,29.5,1423.05,False,False,True,False,False,False,True,False,False
False,True,False,61.0,True,True,True,True,False,True,True,True,True,True,62.15,3778.85,False,True,False,False,True,False,False,False,True
False,False,False,22.0,True,True,True,False,True,True,False,False,True,True,43.75,903.6,True,True,False,True,False,True,False,False,False
False,False,False,8.0,True,True,True,True,False,False,False,False,False,False,29.35,216.45,False,True,True,False,False,False,False,False,True
False,False,False,1.0,True,True,True,False,False,False,False,False,True,False,35.9,35.9,True,True,True,False,False,False,False,True,False
False,False,False,68.0,True,True,True,True,False,True,True,False,False,False,38.9,2719.2,False,False,False,False,True,False,False,False,True
False,True,True,12.0,True,True,True,True,False,False,True,False,False,False,33.15,444.75,False,False,False,True,False,False,True,False,False
False,False,False,46.0,True,True,True,True,False,True,True,False,False,False,38.25,1755.35,False,True,False,False,True,False,False,False,True
False,True,True,3.0,True,True,True,False,False,False,True,False,False,True,31.0,95.05,True,False,True,False,False,False,False,False,True
False,True,True,62.0,True,True,True,True,True,False,True,True,False,False,48.7,3008.55,False,False,False,False,True,True,False,False,False
False,False,False,66.0,True,True,True,False,False,False,True,False,False,False,29.45,1983.15,False,True,False,True,False,False,True,False,False
False,False,False,46.0,True,True,True,False,False,True,True,False,False,False,33.7,1537.85,False,True,False,True,False,False,True,False,False
False,True,True,41.0,True,True,True,True,False,True,False,False,False,False,35.4,1412.4,False,False,False,True,False,False,True,False,False
False,False,False,53.0,True,True,True,True,True,True,True,True,False,True,53.6,2879.2,False,False,False,True,False,False,False,True,False
False,False,False,14.0,True,True,True,False,True,False,False,False,False,True,31.1,419.7,False,True,True,False,False,False,False,False,True
False,True,False,1.0,True,True,True,False,False,False,False,False,True,False,35.0,35.0,False,False,True,False,False,False,False,True,False
False,False,False,3.0,True,True,True,False,False,False,False,False,False,False,25.25,58.9,True,False,True,False,False,False,False,True,False
True,False,False,3.0,True,True,True,False,False,False,False,False,False,False,25.3,77.75,True,False,True,False,False,False,False,True,False
False,False,False,66.0,True,True,True,True,True,True,True,True,True,True,62.5,4136.4,False,False,False,False,True,True,False,False,False
False,False,False,5.0,True,True,True,False,True,False,False,True,True,True,50.95,229.4,False,False,True,False,False,False,True,False,False
True,True,False,66.0,True,True,True,False,True,True,False,True,False,False,45.55,3027.25,False,False,False,True,False,True,False,False,False
False,True,True,70.0,True,True,True,False,True,True,True,True,True,True,58.4,4113.15,False,False,False,True,False,True,False,False,False
False,True,True,1.0,True,True,True,False,True,False,False,False,False,False,30.2,30.2,True,True,True,False,False,False,False,True,False
False,False,False,26.0,True,True,True,False,False,True,True,False,False,False,35.75,1022.5,False,True,True,False,False,False,False,True,False
True,False,False,2.0,True,True,True,False,False,False,False,False,False,True,24.45,47.5,True,True,True,False,False,False,False,False,True
False,True,False,33.0,True,True,True,True,False,True,True,True,True,False,59.55,2016.3,False,False,False,False,True,True,False,False,False
False,True,True,67.0,True,True,True,True,True,False,False,False,False,False,36.15,2434.45,False,False,False,False,True,True,False,False,False
False,False,False,1.0,True,True,True,False,False,False,False,False,False,False,25.25,25.25,False,False,True,False,False,False,False,True,False
False,True,True,72.0,True,True,True,True,True,True,True,True,True,True,65.2,4784.45,False,False,False,False,True,False,True,False,False
False,True,True,68.0,True,True,True,True,True,False,False,True,False,False,44.8,2983.65,False,True,False,True,False,False,False,False,True
False,False,False,60.0,True,True,True,True,False,True,False,False,True,True,44.45,2773.9,False,False,False,True,False,False,False,True,False
False,False,False,35.0,True,True,True,False,False,True,True,False,False,True,33.45,1175.85,False,False,True,False,False,False,False,False,True
False,False,False,25.0,True,True,True,True,True,True,False,True,True,False,61.05,1540.2,False,False,False,True,False,False,False,True,False
False,True,True,72.0,True,True,True,True,True,True,True,True,True,True,65.65,4664.5,False,True,False,False,True,True,False,False,False
False,True,False,54.0,True,True,True,False,True,False,False,False,False,False,30.4,1621.35,False,True,True,False,False,False,False,True,False
False,False,False,6.0,True,True,True,False,False,False,True,True,True,True,49.25,255.6,False,False,False,True,False,False,False,False,True
False,True,False,71.0,True,True,True,True,True,True,True,False,False,True,47.6,3377.8,False,False,False,False,True,True,False,False,False
False,True,False,53.0,True,True,True,False,True,True,True,True,True,True,60.45,3184.25,True,True,False,True,False,False,False,True,False
True,False,False,14.0,True,True,True,False,False,False,False,True,True,True,46.35,672.7,False,False,True,False,False,False,False,True,False
False,False,False,3.0,True,True,True,False,False,False,False,True,False,True,34.8,113.95,False,False,True,False,False,False,True,False,False
False,True,True,43.0,True,True,True,False,True,False,False,False,False,False,29.3,1224.05,False,True,True,False,False,False,True,False,False
False,False,True,51.0,True,True,True,True,False,True,True,True,True,False,60.15,3077.0,False,False,False,True,False,True,False,False,False
False,False,False,11.0,True,True,True,False,False,True,False,True,False,True,41.6,470.6,True,True,False,True,False,False,False,True,False
True,False,False,52.0,True,True,True,False,True,True,True,True,False,True,50.5,2566.3,False,False,True,False,False,False,False,True,False
False,True,True,22.0,True,True,True,False,True,False,False,True,False,False,39.2,849.9,False,False,True,False,False,False,False,True,False
False,True,True,17.0,True,True,True,True,False,True,False,True,False,False,44.45,792.15,False,True,False,True,False,False,True,False,False
False,False,True,1.0,True,True,True,False,False,False,False,False,False,True,25.3,25.3,True,True,True,False,False,False,False,True,False
False,True,True,36.0,True,True,True,True,False,True,True,True,True,False,60.7,2234.55,False,True,False,True,False,False,True,False,False
True,True,False,24.0,True,True,True,False,False,True,False,False,True,True,40.65,933.3,True,False,True,False,False,False,True,False,False
False,True,False,70.0,True,True,True,True,True,True,True,True,True,False,64.55,4504.9,False,False,False,False,True,True,False,False,False
False,True,True,43.0,True,True,True,True,True,False,True,True,False,True,51.25,2151.6,False,False,False,True,False,True,False,False,False
False,False,False,10.0,True,True,True,False,True,False,True,False,False,False,36.25,374.0,False,False,True,False,False,False,False,True,False
False,True,True,16.0,True,True,True,False,False,False,False,False,True,True,35.5,552.7,False,False,True,False,False,False,True,False,False
False,False,False,70.0,True,True,True,True,False,True,True,True,True,True,58.35,4214.25,False,False,False,False,True,True,False,False,False
False,True,True,48.0,True,True,True,True,False,True,False,False,True,False,45.0,2196.3,False,False,False,True,False,False,True,False,False
False,True,True,9.0,True,True,True,False,True,False,False,False,False,True,29.95,248.95,True,True,True,False,False,False,False,True,False
False,True,True,64.0,True,True,True,False,True,False,True,True,True,True,54.6,3423.5,False,False,False,False,True,False,False,True,False
False,True,False,3.0,True,True,True,False,True,False,False,False,False,False,29.8,94.4,False,True,True,False,False,False,True,False,False
False,False,False,66.0,True,True,True,True,True,True,True,False,False,True,47.4,3177.25,False,False,False,False,True,False,False,False,True
False,False,False,2.0,True,True,True,False,False,False,False,True,True,True,45.25,85.5,True,False,True,False,False,False,False,True,False
False,False,False,5.0,True,True,True,False,True,False,False,True,True,True,51.0,305.95,True,True,True,False,False,False,False,False,True
False,True,False,72.0,True,True,True,True,True,True,False,False,True,True,49.2,3580.95,False,False,False,False,True,False,False,True,False
False,True,True,66.0,True,True,True,False,False,False,True,True,True,False,50.55,3364.55,False,True,False,False,True,True,False,False,False
False,True,True,72.0,True,True,True,True,True,True,True,True,True,True,64.8,4719.75,False,True,False,False,True,False,True,False,False
False,False,False,1.0,True,True,True,False,False,False,False,False,False,True,25.15,25.15,False,False,True,False,False,False,False,False,True
True,True,False,71.0,True,True,True,True,True,True,True,False,False,False,46.35,3353.4,False,True,False,False,True,False,True,False,False
False,True,True,50.0,True,True,True,True,False,False,False,True,False,True,39.45,2021.35,False,True,True,False,False,False,True,False,False
False,True,False,13.0,True,True,True,True,False,False,True,True,True,True,54.45,706.85,True,True,True,False,False,False,False,True,False
False,False,False,25.0,True,True,True,False,False,True,True,True,True,False,54.2,1423.15,False,False,False,True,False,False,False,True,False
False,True,True,0.0,True,True,True,True,False,True,True,True,False,True,52.55,203.31499999999997,False,False,False,False,True,True,False,False,False
False,False,False,3.0,True,True,True,True,False,False,True,False,False,False,34.25,139.35,True,False,True,False,False,False,False,False,True
False,True,False,49.0,True,True,True,False,True,False,True,True,True,True,56.3,2780.6,False,False,False,True,False,False,True,False,False
False,False,False,19.0,True,True,True,False,False,False,False,True,True,True,44.85,893.55,True,False,False,True,False,False,True,False,False
False,True,False,52.0,True,True,True,True,True,True,True,True,True,False,66.25,3330.1,False,False,False,False,True,False,True,False,False
False,False,False,49.0,True,True,True,False,False,True,False,False,False,True,30.2,1453.1,False,True,True,False,False,True,False,False,False
False,False,False,39.0,True,True,True,True,True,False,True,False,False,False,41.15,1700.9,False,False,False,True,False,True,False,False,False
True,False,False,1.0,True,True,True,False,True,True,False,False,True,True,43.3,43.3,True,True,True,False,False,False,False,True,False
False,False,False,54.0,True,True,True,True,True,False,False,False,True,False,46.2,2431.95,False,True,False,False,True,True,False,False,False
False,False,True,1.0,True,True,True,False,False,False,False,False,False,False,24.75,24.75,True,True,True,False,False,False,False,True,False
False,False,False,70.0,True,True,True,False,False,False,True,False,True,True,40.05,2799.75,False,True,False,False,True,False,False,False,True
False,True,False,48.0,True,True,True,True,False,True,False,False,True,True,45.3,2145.0,True,False,True,False,False,True,False,False,False
False,False,True,3.0,True,True,True,False,True,False,False,False,False,False,29.65,90.05,False,False,True,False,False,False,False,False,True
False,False,True,11.0,True,True,True,False,False,False,False,False,False,False,25.2,321.05,False,False,True,False,False,False,False,True,False
False,False,False,2.0,True,True,True,False,False,False,False,False,False,False,24.3,38.45,False,True,True,False,False,False,False,False,True
False,False,False,1.0,True,True,True,False,True,False,False,False,False,False,29.95,29.95,True,False,True,False,False,True,False,False,False
True,True,False,57.0,True,True,True,False,False,False,False,True,True,True,44.85,2572.95,True,True,True,False,False,False,False,True,False
False,False,False,60.0,True,True,True,True,False,True,False,True,True,False,53.6,3237.05,False,False,False,False,True,False,False,True,False
False,False,True,26.0,True,True,True,False,False,True,False,False,False,True,29.8,786.5,False,False,True,False,False,False,False,False,True
False,False,False,9.0,True,True,True,True,False,True,True,True,True,False,58.5,539.85,True,False,True,False,False,False,False,False,True
False,True,True,58.0,True,True,True,True,False,True,True,True,True,False,59.75,3624.35,False,False,False,False,True,False,False,False,True
True,False,False,57.0,True,True,True,False,True,True,False,True,True,True,55.0,3094.05,False,False,True,False,False,False,False,True,False
False,True,True,69.0,True,True,True,True,False,True,True,False,False,False,39.1,2779.5,False,True,False,False,True,False,False,False,True
False,False,False,18.0,True,True,True,True,True,False,True,False,False,True,40.2,711.95,False,False,False,True,False,False,False,False,True
False,False,False,7.0,True,True,True,False,False,True,True,False,False,True,35.5,249.55,False,True,False,True,False,False,True,False,False
True,False,False,40.0,True,True,True,True,True,False,False,True,True,True,55.8,2109.35,True,False,True,False,False,False,False,True,False
False,False,False,4.0,True,True,True,False,False,False,False,True,True,True,44.55,174.3,True,True,True,False,False,False,False,True,False
False,False,False,9.0,True,True,True,False,True,False,False,False,True,False,40.75,359.4,False,False,True,False,False,False,False,True,False
False,True,False,46.0,True,True,True,True,False,True,True,False,False,False,40.4,1842.7,False,True,False,False,True,False,True,False,False
False,True,True,71.0,True,True,True,True,True,False,True,True,True,False,59.7,4122.65,False,False,False,False,True,True,False,False,False
False,False,True,24.0,True,True,True,True,False,False,True,False,False,False,35.75,830.8,False,True,False,False,True,False,False,False,True
True,False,False,34.0,True,True,True,False,True,True,False,True,True,True,56.25,1765.95,False,False,True,False,False,False,False,True,False
False,False,False,22.0,True,True,True,False,False,True,True,True,True,False,56.75,1304.85,False,True,False,False,True,True,False,False,False
False,True,True,72.0,True,True,True,True,False,True,True,True,False,False,48.9,3527.0,False,True,False,False,True,False,False,False,True
False,False,False,39.0,True,True,True,False,False,True,False,True,True,True,50.65,1905.4,False,False,True,False,False,False,True,False,False
False,False,False,52.0,True,True,True,False,True,False,False,False,False,False,30.1,1623.4,False,True,False,True,False,False,False,False,True
False,True,False,60.0,True,True,True,False,True,True,True,True,True,False,60.8,3603.45,False,False,False,False,True,False,True,False,False
False,False,False,28.0,True,True,True,False,False,True,True,False,False,True,35.75,961.4,False,False,True,False,False,False,False,False,True
False,True,True,23.0,True,True,True,False,False,False,True,False,False,True,30.35,678.75,False,True,True,False,False,True,False,False,False
False,True,True,72.0,True,True,True,True,True,True,True,True,True,False,64.45,4528.0,False,False,False,False,True,True,False,False,False
False,True,True,40.0,True,True,True,False,True,True,True,True,True,False,60.3,2448.5,False,True,False,True,False,False,False,False,True
False,True,False,3.0,True,True,True,False,False,False,False,False,True,True,35.15,99.75,True,True,True,False,False,False,False,True,False
False,True,True,7.0,True,True,True,True,False,True,True,False,True,False,49.65,305.55,False,True,False,False,True,False,True,False,False
False,False,True,1.0,True,True,True,False,False,False,False,False,False,False,24.7,24.7,False,False,True,False,False,False,False,False,True
False,False,False,57.0,True,True,True,True,False,True,True,False,False,True,41.1,2258.25,False,False,False,True,False,False,True,False,False
True,False,False,30.0,True,True,True,False,False,True,False,True,False,True,40.3,1172.95,True,False,True,False,False,False,False,True,False
False,False,False,29.0,True,True,True,False,False,False,True,False,False,True,31.2,926.2,False,False,True,False,False,False,False,True,False
False,True,False,50.0,True,True,True,True,False,False,True,True,False,True,44.45,2188.45,False,True,False,True,False,True,False,False,False
False,True,True,12.0,True,True,True,False,True,False,False,False,False,False,29.2,309.1,True,False,True,False,False,False,False,False,True
False,False,False,18.0,True,True,True,False,False,False,False,False,False,False,25.15,476.8,False,True,True,False,False,False,False,False,True
False,False,False,7.0,True,True,True,False,False,False,False,False,False,False,25.05,189.95,False,False,True,False,False,True,False,False,False
False,False,False,40.0,True,True,True,True,True,True,False,True,True,False,62.05,2511.55,False,True,False,True,False,False,True,False,False
False,False,True,26.0,True,True,True,True,False,False,True,False,True,False,45.8,1147.0,False,False,True,False,False,False,False,False,True
False,False,False,70.0,True,True,True,True,True,True,True,False,False,True,44.6,3058.15,False,False,False,False,True,True,False,False,False
False,True,False,57.0,True,True,True,True,True,True,False,True,True,True,58.75,3437.45,False,False,True,False,False,True,False,False,False
False,True,True,37.0,True,True,True,True,False,True,True,False,False,True,40.2,1525.35,False,True,False,True,False,False,False,True,False
False,True,False,62.0,True,True,True,False,False,False,True,True,False,True,39.0,2337.45,False,True,False,False,True,True,False,False,False
False,True,True,15.0,True,True,True,True,False,False,False,False,False,True,30.2,469.65,False,True,True,False,False,True,False,False,False
False,False,False,16.0,True,True,True,True,False,False,False,True,False,True,38.9,664.4,False,False,True,False,False,False,False,True,False
